{
  "indexes": [
    {
      "collectionGroup": "comments",
      "queryScope": "COLLECTION",
      "fields": [
        {
          "fieldPath": "post",
          "order": "ASCENDING"
        },
        {
          "fieldPath": "created",
          "order": "DESCENDING"
        }
      ]
    },
    {
      "collectionGroup": "comments",
      "queryScope": "COLLECTION",
      "fields": [
        {
          "fieldPath": "post",
          "order": "ASCENDING"
        },
        {
          "fieldPath": "createdOn",
          "order": "DESCENDING"
        }
      ]
    },
    {
      "collectionGroup": "comments",
      "queryScope": "COLLECTION",
      "fields": [
        {
          "fieldPath": "postId",
          "order": "ASCENDING"
        },
        {
          "fieldPath": "created",
          "order": "DESCENDING"
        }
      ]
    },
    {
      "collectionGroup": "comments",
      "queryScope": "COLLECTION",
      "fields": [
        {
          "fieldPath": "postId",
          "order": "ASCENDING"
        },
        {
          "fieldPath": "createdOn",
          "order": "DESCENDING"
        }
      ]
    }
  ],
  "fieldOverrides": []
}
